<?xml version="1.0" encoding="UTF-8"?>
<project-private xmlns="http://www.netbeans.org/ns/project-private/1">
    <editor-bookmarks xmlns="http://www.netbeans.org/ns/editor-bookmarks/2" lastBookmarkId="0"/>
    <open-files xmlns="http://www.netbeans.org/ns/projectui-open-files/2">
        <group>
            <file>file:/G:/Document/DA_PTTHT/GitHub/StadiumManage/ManageStadiumMini/web/bill.jsp</file>
            <file>file:/G:/Document/DA_PTTHT/GitHub/StadiumManage/ManageStadiumMini/web/login.jsp</file>
            <file>file:/G:/Document/DA_PTTHT/GitHub/StadiumManage/ManageStadiumMini/web/register.jsp</file>
            <file>file:/G:/Document/DA_PTTHT/GitHub/StadiumManage/ManageStadiumMini/web/bookyard.jsp</file>
            <file>file:/G:/Document/DA_PTTHT/GitHub/StadiumManage/ManageStadiumMini/web/addAccount.jsp</file>
            <file>file:/G:/Document/DA_PTTHT/GitHub/StadiumManage/ManageStadiumMini/web/infoPersonalBook.jsp</file>
            <file>file:/G:/Document/DA_PTTHT/GitHub/StadiumManage/ManageStadiumMini/web/managebill.jsp</file>
            <file>file:/G:/Document/DA_PTTHT/GitHub/StadiumManage/ManageStadiumMini/web/editstaff.jsp</file>
            <file>file:/G:/Document/DA_PTTHT/GitHub/StadiumManage/ManageStadiumMini/web/manageyard.jsp</file>
            <file>file:/G:/Document/DA_PTTHT/GitHub/StadiumManage/ManageStadiumMini/web/editcustomer.jsp</file>
            <file>file:/G:/Document/DA_PTTHT/GitHub/StadiumManage/ManageStadiumMini/web/include/header.jsp</file>
            <file>file:/G:/Document/DA_PTTHT/GitHub/StadiumManage/ManageStadiumMini/web/infopersonal.jsp</file>
            <file>file:/G:/Document/DA_PTTHT/GitHub/StadiumManage/ManageStadiumMini/web/edityard.jsp</file>
            <file>file:/G:/Document/DA_PTTHT/GitHub/StadiumManage/ManageStadiumMini/web/include/navAccount.jsp</file>
            <file>file:/G:/Document/DA_PTTHT/GitHub/StadiumManage/ManageStadiumMini/web/yard.jsp</file>
            <file>file:/G:/Document/DA_PTTHT/GitHub/StadiumManage/ManageStadiumMini/web/staff.jsp</file>
            <file>file:/G:/Document/DA_PTTHT/GitHub/StadiumManage/ManageStadiumMini/web/customer.jsp</file>
        </group>
    </open-files>
</project-private>
